{"cameraMode":{"drawMode":0,"name":"Shaded","section":"Shading Mode"},"sceneLighting":true,"audioPlay":false,"sceneViewState":{"m_AlwaysRefresh":false,"showFog":true,"showSkybox":true,"showFlares":true,"showImageEffects":true,"showParticleSystems":true,"showVisualEffectGraphs":true,"m_FxEnabled":false},"in2DMode":false,"pivot":{"x":-4.218170166015625,"y":0.33153486251831057,"z":-14.296844482421875},"rotation":{"x":-0.30867698788642886,"y":0.007705362979322672,"z":-0.002488925354555249,"w":-0.9511424899101257},"size":24.780351638793947,"orthographic":false}